no,comment_id,category,text,rater2_label,catatan
1,UgxEJ2UMTMoTf3ixxBl4AaABAg,institusional,"Korupsi dampaknya sangat nyata menyengsarakan rakyat melebihi Covid19,,,, semoga para pejabat diatas lekas sadar bahwa melakukan  korupsi akan mendapatkan balasan yg sangat pedih nanti disana...",,
2,Ugwwe-wchyiVaH_rKCB4AaABAg,institusional,"ngeri akh ,ronald tanur ,suapnya sampe 1 Triliunnnnnnnnnn
Aihhhhhh......seberapa dalam kasus ini hingga nerani suap sebanyak itu ,berarti pemain besarnya banyak sekali",,
3,UgxI7htLgyE1kcZ3bgR4AaABAg,institusional,Alhamdulillah.mantab sekali bung gafur.sayang bung yg parah di dunia hukum.polisi.kejaksaan.hakim bikin sgt meragukan krn oknum² di institusi ini yg merusak hukum dan keadilan agt terima ksh bung gafur❤,,
4,UgwUk8FZbeEYqEDiLPl4AaABAg,institusional,"Keren asli sama hakim dan rasa keadilan nya,, pas gitu porsi2 hukuman nya untuk sambo, putri, kuat dan Ricky rizal.. Tinggal nunggu Eliezer, semoga vonis nya lebih ringan dibawah 5 tahun.. Tidak dapat dipungkiri, kasus ini bisa terang berkat Eliezer",,
5,Ugyn-v_Nj8v-GVHbmYF4AaABAg,institusional,Mantap hakim nya cpt bersahabat.,,
6,UgxT-gAOINn7B0sosxt4AaABAg,institusional,Bagaimana nanti kalau mati hakim pembela maling atau koruptor,,
7,UgzRG29j5H_y8aToSyh4AaABAg,institusional,"Hanya keadilan dari yang Maha adil lah...
Keadilan yang hakiki, dan mereka semua takkan bisa lolos dari-Nya...",,
8,UgwX8SuI0zGOUBwQF7x4AaABAg,institusional,Mantap,,
9,UgzQVantEHnkgMVcUGZ4AaABAg,institusional,"Carut marut negriku
Korupsi kolusi nepotisme merjalela di semua sektor",,
10,UgxJx4n7swg7Hw0LmyJ4AaABAg,institusional,Bnyk dagelan di negri ini..udah ketauan baru diperiksa lagi...,,
11,UgyroiPAm5EE3CTRymB4AaABAg,tutorial_website,"Maturnuwun untuk informasi & petunjuknya,,sangat membantu sekali untuk masyarakat yg bingungan seperti saya ini🫡",,
12,Ugx8YYZXJHgqeRfqdLd4AaABAg,institusional,"Geblek nih MA !!! Beginilah contoh oknum penegak hukum  yang punya otak tapi tidak punya hati nurani !!!
Sepertinya Indonesia tidak butuh MA. POLRI, MA dan Kejaksaan sebaiknya digabung sebagai satu institusi. Persekongkolan oknum hakim, penyidik Polri dan jaksa sepertinya sudah begitu PARAH .. !!!!",,
13,UgwNC5_Vy22P5-29O014AaABAg,institusional,"Minion manusia gak ada leher ngomong melulu,,bilang aja gak mau dipenjara 😂😂😂",,
14,UgxsuCptqOrITU1iEPZ4AaABAg,institusional,Ini logika ditaruh dimana? Klo bekerja baik gak mungkin korupsi,,
15,UgwQlNeFfhRnCa7aFRh4AaABAg,tutorial_website,"Mantap, PA. Sampang",,
16,Ugz5834VQeOXZPbNI5h4AaABAg,institusional,Pak polisi tolong Tangkap  si Gofur PH ini. Propokasi,,
17,Ugym_TwQdAkfGfZpURl4AaABAg,institusional,"Gak usah banyak bicara di MA gak bisa bicara , tuli  lebih baik diganti aja masyarakat udah muak pada MA",,
18,UgwvxP3jkqzRr7FwJCF4AaABAg,institusional,Bermanfaat sekali buat mahasiswa hukum Terima kasih pak atas share ilmunya,,
19,UgzWChnfPVRisoxZujl4AaABAg,institusional,Hanya CARA PARA JAHANNAM untuk mengkriminalisasi WARGA yang dianggap BISA MEMBAHAYAKAN SEGALA KEBURUKAN dan PERLAKUAN BATHIL MEREKA!!!,,
20,UgzDJDVHfTjphvI_7VR4AaABAg,institusional,Keren tangannya juga bergoyang ni ketua,,
21,Ugyw92w6ApEbSeZjhwx4AaABAg,institusional,Prabowo semoga cepat sadar seperti rakyat yang sdh mulai sadar dan berjiwa besar untuk mengakui kesalahan memilih jkw di periode 2.,,
22,UgxoPAELLh69en52hjN4AaABAg,institusional,Royyy royy.... hidupmu penuhh kedengkian   dah begitu sok sok ann bawa bawa ayat suciii  ..,,
23,UgyFWB9FRquAr4okSPZ4AaABAg,institusional,"Intinya ada kecurangan besar,yg menang sesungguhnya PRABOWO SANDI,,,",,
24,UgwYKvtokoB_bsltlQR4AaABAg,institusional,"Hakim pun SDH JD dajal,gimana mau di percaya. Berarti moralnya SDH rusak.",,
25,UgzGb2_JwOQUnU2N4MV4AaABAg,institusional,Mantap pak Roky Gerung apa saja pertanyaan habis di lumat oleh ilmunya ...,,
26,Ugxax_sxu1yHELEK4oN4AaABAg,institusional,"Orang2 nya Jokowi mang layak masuk penjara semuanya. Mulai judol, korupsi, penjarahan aset negara, pelanggaran HAM, ijazah palsu, suap hakim jaksa, dan banyak kejahatan lainnya",,
27,UgxSJ26QeboCkwbtySd4AaABAg,institusional,Tp persiden indonesia d anggap rendah oleh persiden luar negeri,,
28,UgwVP64Dp5MFSRIYkDt4AaABAg,institusional,"Yg nanya kayaknya sok suci,kan orang pitik taulah kita...",,
29,UgwcPHNECCVmuf7Pok14AaABAg,tutorial_website,Bagus Cok semoga sukses n terus maju ... Cok emang pinter👍,,
30,UgygItN7FwqQ5MQyCOJ4AaABAg,tutorial_website,Mantap,,
31,UgxT_IKw6CVG27bihx54AaABAg,institusional,Mantap  lebih baik jadi menteri  maling uang rakyat daripada menjadi affiliator 😂😂😂😂😂,,
32,Ugxh4mbLsmWbBXUpbnd4AaABAg,institusional,"Emaang eeenak di tolak kasasinya ,mantap infonya Pak Gofar",,
33,UgzhZtb6A9Ub7huCqUx4AaABAg,institusional,"Bagikan itu semua uang kepada orang 2 yang tidak mendapatkan keadilan, orang2 yang menjadi korban dari mafia hukum",,
34,UgwSwDFiQgzKPHy7skB4AaABAg,institusional,Karena punya Niat Nyolong makanya pura2 Baik.,,
35,Ugyk8A3AItuFQYPvmdR4AaABAg,institusional,"Sangat sakit hati ag. Mendengar. .ini.   tidak tahan.  Menahn .air mata .ya allah ag mohon kepada mu.  Berilah ke ajaiban. 7 terpidana. Tidak bersalh.  Semogga ada jaln keluarnya.  Bisa bebas.amiin yarob 3x. 
Saudia arabia hadir. 

Mudah'an. Pra hakim.yg memonis. terpidana.  Dapt ajab. Pling pedih. 7 turun. Dunia ahirat.",,
36,UgxSoJyv_Ata-DE7EHd4AaABAg,institusional,Bagus dah di kandangin biar agak adem ni negara,,
37,UgwVWLcJwvF3dn6sY1l4AaABAg,tutorial_website,Bang ....apa GK bisa langsung ambil ke pengadilan saja ...kynya kok ribet,,
38,Ugzxz0F1Xax3-x_cNzl4AaABAg,institusional,Nga disudahon be klip naii.. Marjillam ma,,
39,Ugy7xs4AAUmQoU_cQIZ4AaABAg,institusional,WAJIB DI USUT 👍👍👍 DI JAMIN MENERIMA SUAP 👍🇮🇩👍🤣😁😁,,
40,UgxW1x76BR43__YbFSZ4AaABAg,institusional,Jgn terlena dgn berita yg seakan akan presiden akan jatuh...itu produk pdip..agar gelombang penolakan ruu hip... hilang dari berita.. ayo jgn lengah kawal penolakan ruu hip.,,
41,Ugwn4tPZ51boHsDm0-R4AaABAg,tutorial_website,Mantap👍👍,,
42,UgyslrAslGWfuLhaAOx4AaABAg,tutorial_website,Iya kenapa gagal terus upload SK aja g bisa...,,
43,UgyEgcBb75-KXESJoUt4AaABAg,institusional,Terus bongkarkan bang resmon mantap,,
44,Ugwo4dtbGWyKcrZ1KE94AaABAg,institusional,Suap bagi pengadil sulit untuk dimusnahkan terutama jika tersangkanya orang orang kaya atau orang yang punya jabatan tinggi,,
45,Ugw44J1PZ8Vhz4LJbKF4AaABAg,institusional,"Mantap pak.
Mejuah2 salam dari medan Fakultas Hukum USU",,
46,UgxurY9P_27_zseGK7Z4AaABAg,institusional,katax mrmberantas korupsi bgm bisa diberantas orang yg sangat dipercaya memberi teladan malah melanggar larangan itu sendiri.bra vo p.Rudi teruskan kritikanx mudahan bermanfaat.,,
47,Ugzka0xUlTfrb7ECbIN4AaABAg,institusional,"Modus pmbnuhn sadis, kejam dan keji, abk sendri skenerio pemerkosaan, hrs nya MA apresiasi putusab PN dan PT",,
48,Ugz8_ZAiH3lHAoR_r8B4AaABAg,institusional,"Ma parah banget ini,astagfirullah padahal saksi² sudah jelas bahwa ini kecelakaan",,
49,UgyIs7YuT2ntXReExF94AaABAg,institusional,"Itu zoom nya di mute saja kalau RS ga diminta omong. Menggangu, mendengar gonggongan-nya. Kayak hewan liar ga tahu tata kromo.",,
50,UgwPg-whVIIPIWq7J8x4AaABAg,institusional,"Para koruptor semakin meraja Lela di negri ini
Ada apa??...
Kpk berhasil mengungkap..semoga setelah dipenjara tdk mendapat potongan masa tahanan...
Alias keluar sebelum saatnya",,
51,UgyWWMK7TwanBEL0cmF4AaABAg,institusional,"Wakil Tuhan korupsi semua karena ""heaven is Offline""😂😂😂😂😂😂😂",,
52,Ugx0KXvTLQ6Nu3D94oV4AaABAg,institusional,biar  allah akan memberi  hukuman kepada yg curang dan zalim,,
53,UgxG5JogmmCIlhcYrp94AaABAg,institusional,Suaranya ko gk bentak bentak lg?,,
54,UgwqzfZIV0Ainc6YDad4AaABAg,institusional,Kenapa ngak minta pembayaran secara ansuran.. tetapi harus bersetuju dgn syarat dlm surat perjanjian...,,
55,UgyXDtH3aQ8IYqawU4t4AaABAg,institusional,Ini yang buat rakyat merasa kecewa dengan Hukum dinegeri ini koruptor yang sudah menghianati bangsa tapi dihukum ringan ckckckck🤭,,
56,UgwJbIgr9MGTbTAUsiB4AaABAg,institusional,"Ya Allah smoga yg curang akan tumbang, kebenaran akan terbuka dn di menangkan Allah,,",,
57,Ugz8Z1hxO3bsMyVcLql4AaABAg,institusional,Bagus penjelasannya pak teguh menambah wawasan advokat. & masyarakat pada umumnya.Tks.,,
58,UgxgagywgR0_NLBEzV14AaABAg,institusional,"Semua rakyat juga kecewa..hukum kok cuman tajam ke rakyat.anggota ma harus di periksa kira"" menerima sogokan berapa",,
59,Ugz44dXhW5jYZv1_VBZ4AaABAg,tutorial_website,"Alhamdulillah, sangat informatif semoga dapat membantu para pengguna pencari keadilan di PA Bandung",,
60,Ugzkhvg2rT4bkErIDV14AaABAg,tutorial_website,"sy udh download tpi gagal ga msuk pdf,tpi di akun ecourtnya udh ilang bang,trus gimna sy cari salinan itu lg biar ba sy download lg",,
61,Ugzd02l_Oft5zoMq-AV4AaABAg,tutorial_website,Sangat memudahkan pencari keadilan dan para advocat untuk mendaftarkan perkata di Pengadilan Agama,,
62,UgzALJfFAxQ9N9M1pyN4AaABAg,tutorial_website,Ketika saya masukan npp dan divisi tulisanya gagal.. alasanya npp sudah menggunakan sipp.. itu gmana bos,,
63,UgyPfq3BVaRMib660KF4AaABAg,institusional,KPK tolong pantau juga Kab. Kep. Aru di Maluku pak...,,
64,Ugyv1fVPWWNvilcxVud4AaABAg,institusional,Gofur gila,,
65,UgzrYLi_J_FA87USSm94AaABAg,institusional,"Komar orang baik tapi tidak jujur, banyak yg model gitu di Indonesia.
Jadi baik mudah jadi jujur itu pilihan.",,
66,UgzG3HOUa_RGgq4MaPN4AaABAg,institusional,"Mantap...Tumabo Dongan TRIO on mangendehon,,,Sukses #DONGANTRIO",,
67,UgyqhcXSHj0iGMBT8zx4AaABAg,institusional,Mantap PT Riau maju terus ...,,
68,UgxZkZjTuT24QWfuB-14AaABAg,institusional,Jika reformasi menjadikan semakin banyak korupsi. Apakah perlu revolusi ??,,
69,UgyaD4GKKj61Ms4njr54AaABAg,institusional,Benar benar memalukan...pengadilan paling tinggipun tersandung korupsi..,,
70,UgztQpgokqp5XyMIcRZ4AaABAg,tutorial_website,"Sangat membantu, penjelasannya gampang dipahami, terimakasih",,
71,UgwNstLnLI4ZjBuXLtt4AaABAg,institusional,Cengangas cengenges lu ah...,,
72,Ugx46bruYDxhVoztjvF4AaABAg,institusional,Viralkan,,
73,UgzBbf0cuKz_MLuBevl4AaABAg,institusional,"Saya heran pejabat negara kita di biarkan korupsi meraja lela, tapi utang bapak Yusuf Hamka tidak di bayar ❤🙏",,
74,Ugws2tFJCs8gKBpVx214AaABAg,institusional,Alhamdulillah termul makin terpojok,,
75,Ugy26JhOZmOS6XKsZbh4AaABAg,institusional,Mudah mudahan hakim MA cepet struk,,
76,UgxbBkRuO41zDzAEszp4AaABAg,institusional,Dulu sama2 mau..kok sekarang rame2..hanya karena uang..gk pedulikan hati sang anak..,,
77,UgwVxyIBWnP1z_lPcUN4AaABAg,institusional,"Buktikan KLO Anda Taat Hukum.
Jgn bawa bawa Nama Presiden.",,
78,Ugxs4bX95BC-vNIGegJ4AaABAg,tutorial_website,PA Tual Betapung Temang...Sukses Selalu..,,
79,UgzOD1i-RDWJM7yQMLx4AaABAg,institusional,Hak sya di zalimi saya kalah di kasasi ..karna bukti yg akurat skalipun kalah dgan uwang ...itu yg saya alami ..pdahalah setepikat atasnama orng tuwa sya & surat hibahya ..😭,,
80,UgxHlsACGwTelOhWCvF4AaABAg,institusional,Gagal banding ya gitu,,
81,UgxhquMXecwk8asmMBJ4AaABAg,institusional,mantap...,,
82,UgyTFvPMCpYsMJbnuih4AaABAg,institusional,Hukum allah lebig adil dr pd hukum manusia g adil.. Skrg g ada duit di tindas.. Ada duit di anggung2in. Mafia di lindingi. Maling sendal jepit di pidana,,
83,Ugx0ID-wdsUNd_9wD2N4AaABAg,institusional,Pak ada nomer wa atau instagram ga saya ada keperluan,,
84,UgzpeosUbHxmElah3zN4AaABAg,institusional,BPJS malah naik LG payah bang,,
85,UgzWAgXg9U0swTPdBZd4AaABAg,institusional,Sangat gampang sekali bagi mereka.kita rakyat berjibaku hanya untuk makan dan kebutuhan lainya.,,
86,UgwtxIsDuNthtEstCYJ4AaABAg,institusional,"Gak apa saling berantam,kelompok pencuri uang rakyat hidup pun gak ada guna..kasih mati sekalian lagi bagus.",,
87,UgyPnxuQ4ME20VVO1El4AaABAg,institusional,Terimakasih atas penjelasan yg luar biasa sehingga sangat bermanfaat bagi masyarakat para pencari keadilan 🙏,,
88,Ugw-WhJVzksRNxaFeUF4AaABAg,institusional,"Kurung aja si rasman ituh, bikin keruh dunia aja tuh orng...!",,
89,UgyfjKyexjfjQndiiw14AaABAg,institusional,Mafia nya kan di lingkaran kekuasaan itu yg harus diberantas,,
90,UgwfRLoPqROAX976vrR4AaABAg,institusional,"Duuuh gampang banget orang gede cari uang,,,aku buat bayar kontrakan aja mati"" cari gak dapet""",,
91,UgzpFehqELs8m1NR58V4AaABAg,institusional,hakim yang ngebaskan tangkap juga,,
92,UgzrUIzr7QbovLMnD5B4AaABAg,institusional,"Udah bagus lagunya dinyanyikan sama Agnes ,kalo ngga pasti ilang itu lagu",,
93,Ugxk4J31UDfP2EeE2ZB4AaABAg,institusional,Rusak rusak negeri ini . Gelap gelap hukum di negeri konoha.,,
94,UgxTwsHoxlNi61AkrdB4AaABAg,institusional,Pejabat ind banyak yg g mengemban jabatan adalah amanah orang jujur jarang  orang panyak buat minteri,,
95,UgyeDdTm01Hy_9-sTaN4AaABAg,institusional,I like lah,,
96,UgxKwKq7w-JZzefR5nx4AaABAg,institusional,"100 m, brt korupsi kcil2 sj dnt.",,
97,UgyKRXsYxWjQtIi-cMR4AaABAg,institusional,"SUSAH KEADILAN KITA DAPAT DI INDONESIA INI, KETIKA KITA MASYARAKAT KECIL.",,
98,Ugw8Ki51WkbYJ2npxOZ4AaABAg,institusional,Saya setuju bagi koruptor hukuman maksimal mati atau seumur hidup . Kalaupun ada  grasi harus ada  maxnya. Pastinya korupsi ada habis,,
99,Ugyja-aGBO8US4_KHDh4AaABAg,institusional,"Dada JJ, Pngen mampir ning padepokan mb kapan sagete mba :'( PSHT JAYA",,
100,UgzbTujKEHGIuY5kOYJ4AaABAg,tutorial_website,Keren,,
101,Ugw6eFLej73jUDaVhM54AaABAg,institusional,Horas  bongkar semua kasus yg di tutupi  supaya rakyat  tahu .presiden prabowo  tangkap jaksa ma koruptor  parah ini indonesia di bodohi para rekayasa kasus,,
102,Ugygj11mwtS25bmnIF54AaABAg,institusional,"Siapa yg menyiram bensin selama berkuasa , tinggal ada waktu hangus musnah 😂",,
103,UgwXyy7lPYzKF3rxAqh4AaABAg,institusional,Tetap saja tidak adil,,
104,UgyO4zIQ6Jg6-k69FuN4AaABAg,institusional,Ancur klo ma g di berentikan,,
105,Ugy8u7imSwRW_z1xrIR4AaABAg,tutorial_website,"saya sangat terbantu sekali dengan adanya aplikasi e-court saat mengajukan perkara di Pengadilan Agama Pariaman, sangat mudah dan biaya ringan.. sukses buat Pengadilan Agama Pariaman...",,
106,UgxdKlVTjFn9w7wuerV4AaABAg,tutorial_website,musiknya mengganggu tdk jelas apa yg dibicarakan,,
107,UgwmiJakSRifSBr_3Ed4AaABAg,tutorial_website,Ka ko aku upload dokumen gagal mulu padahal udah PDF dan dosc,,
108,UgwCO5YP02QlgBT_Ixd4AaABAg,tutorial_website,Kalau bpjs ketenagakerjaan yg ada dua kartu dan mau di non aktifkan salah satunya gimana kk.,,
109,Ugy_3BChnWzn-Wq3JRN4AaABAg,institusional,"Sudah rusak hukum di Indonesia, lalu bagaimana pemulihannya? sebaiknya extreme harus dilakukan korupsi di atas 10 milyar harus hukum mati",,
110,Ugxs3Oza7yD-uV-HvS54AaABAg,institusional,Warga dan rakyat Cirebon harus bersatu menanyakan ke MA masalah putusan yg tidak adil ini.,,
111,Ugzh9RqZglc_Jwmg7U94AaABAg,institusional,"AMIN2
DALAM IMAN SETIAP DOA TUHAN DENGAR DAN KABULKAN. MAHKAMAH AGUNG SUKSES DI BAWAH KEPIMPINAN YM 🙏🙏
Love MARI",,
112,Ugxkkv-bf6DauMbbTtd4AaABAg,institusional,"Semoga Allah memberi kesehatan, umur panjang,kebahagia dunia akhirat kepada ulama kita khususnya dan kepada kita semua umumnya....Aminn yaa Allah 🤲🤲🤲",,
113,Ugxvg-iqv41d-Ciczrp4AaABAg,institusional,"Hahahaha lucu yaaa.PSHT KETUM MAS TAUFIK NAMA ORGANISASINYA PSHT.
PEMILIKNYA PSHT.

YG 1 NYA PPSHTPM  KETUM KANG MAS MURJOKO.
PEMILIK BAGUS RIZKY..
JADI MNA YG ORGANISASI SOSIAL DAN MNA ORGANISASI PRIBADI?",,
114,UgyAOzouqsIxHGVoAeB4AaABAg,institusional,Mangka Nye tdk sekolah tinggi jangan ngaku ngaku sekolah tinggi kesian orang yg sekolah tinggi beneran dan jangan bilang kehendak  Tuhan ko Tuhan yg di salah kan tuh kan blo on Nye kelihatan lu yg bohong bilang kehendak Tuhan,,
115,UgxVLE5sk196z7TWECZ4AaABAg,institusional,Semoga sukses 👍👍,,
116,UgzO4koqLrn6IFWvH_94AaABAg,tutorial_website,Didalam perma no7 pasal 20 ayat 1 tidak ada lagi dimintakan persetujuan para pihak sehingga para pihak dipaksa semua pihak untuk bersidang secara elektronik nah sementara di sk kma no 363 kembali dimunculkan persetujuan dari para pihak jadi yang saya tanyakan adalah kapan ditawarkan kepada para pihak sebelum mediasi atau setelah mediasi karena setelah gagal mediasi langsung acara jawaban mohon penjelasan,,
117,UgwSKfX4jEXCClJh7Ox4AaABAg,institusional,"Denda 1 milyar atau 6 bln penjara, bnyk yg mau gantikan penjara 6 bln dpt duit 1 milyar bu.",,
118,Ugy_WYM83Lsyqsvn3JJ4AaABAg,institusional,"Kata nya hukuman mati buat korupsi dana bansos corona, bullshit pak pak...",,
119,Ugzu3bNC9rKMFoTPMm54AaABAg,institusional,Pesimis hukum akan tegak kalau caranya seperti ini gila parah.,,
120,UgzPL7JkIH2YRzKx0Zh4AaABAg,institusional,Miskinkan koruptor,,
121,Ugw4c7mZwnDLZKbZLP14AaABAg,institusional,"Negara hukum ,tp hukumya tu umpul kalau Sam org atas,",,
122,Ugymf0ni8-HmUjrB3Bp4AaABAg,institusional,masya allah..... betapa sulit nya mencari keadilan....,,
123,UgwZmcrzKCOmlCZmvW14AaABAg,institusional,"Kalau terdawa terus terusan praperadilan terus kapan sidang nya ,semua sudah paham hukum dan semua orang2sudah sarjana hukum kok hukum di buat mainan,",,
124,UgzF4dv6ITBfPTegZFB4AaABAg,institusional,Ga tau aapa ga sadar...mau apa aja gampang..tinggal beli..lah ga mikir slama ini..dpt uang nya dr mana...koplak...,,
125,UgwVnNyj33tYNbkX40d4AaABAg,institusional,Gx usah di hukum aja sih pak.. Suruh bebas aja menikmati uang korupsi.. 🥴...,,
126,UgwyOW9tHOjeB9xBdcx4AaABAg,institusional,Pak Toni masuk ke Peradi tegak kan ke Adilan bersama Peradi ayo brjuang LG trs kawal,,
127,UgzAgq82pUaGz7JT8EF4AaABAg,institusional,Mantap pak gub inovasi,,
128,UgwQRLsRXXKSJu_G4f54AaABAg,institusional,Mukamu ditaruh di mana pak tua? Memalukan,,
129,UgwKyULAsU7skSHMNGN4AaABAg,institusional,"Hakim yang tidak Adil pasti akan mendapatkan balasannya sesuai dengan amal dan perbuatan yang dia jalankan  ,",,
130,UgzoGGmeYoodqxhAtBx4AaABAg,institusional,Parah parah,,
131,UgwocRxp7Px4Nd7rW-94AaABAg,tutorial_website,Bang kalau ga ada pilihan di web sipp nya pengajuan data bsu itu kenapa yaa,,
132,Ugy9ouxek9DBYOtGr0R4AaABAg,institusional,"Ya ALLAH,Org 2 susah banyak  kurang makan,,😭😭😭,Org nyimpan emas sampai 51 KL grm",,
133,UgxP6uI8rlsm9__2rmx4AaABAg,institusional,Kok mendadak lemah lembut...mana teriak2 dan gebrak2 meja spt orang gila,,
134,Ugwv0dSkdtSz3SzazeB4AaABAg,institusional,"Pak saya menang dipengadilan negri tapi kalah di PT.TUN saya pemegang sertifikat tanah, dan yg menggugat saya surat desa berbeda wilayah dan  sudah 29 tahun dia Bru datang menggugat...",,
135,Ugz-ROm_avIP_fwsmhx4AaABAg,institusional,"NGAK .  PAK ITU YG TERBAIK BAGI ( M A )
buat contoh generadi penerus janji  pintar bersilat lidah yg tak bettulang.
biar pecah diperut asal jangan  mulut nanti.
karna itulah kebijakan org pintar. mantap pak.",,
136,Ugwgq9tFmJ4PtQu5WH54AaABAg,institusional,Dr. Roger keren Pak Hakim. 😄🙏👍🇮🇩,,
137,Ugx5djhQY9CxyEbdQJd4AaABAg,institusional,HUKUM MATI SEMUA HAKIM YG TERLIBAT TERIMA UANG SUAP KORUPTOR,,
138,UgweuCHXF_Ypxj8yVO54AaABAg,institusional,Pengin ngerti hukum. Supaya kebal,,
139,UgwFKWLmgfOYTq0Oxad4AaABAg,institusional,"masalahnya ga ada sinkron bpjs sama pemerintah rs klinik disecara serentak di selurih indo,trus banyak yg sakit baru bayar bpjsnya,gimana ga defisit😥 padahal bpjs bagus banget loh👍coba contoh taiwan atau canada untuk hal itu",,
140,UgxrJotmgxsu38kJ8C14AaABAg,institusional,Dari Awal juga liat hasil sidang udah kebaca sih. Hanya lambat aja di sidik. Jd intinya gmn? Tahan Lagi tambah pasal lagi Si RT,,
141,Ugyvpv2Z9x9cxlHhkkF4AaABAg,institusional,Wihh keren koruptor di diskon ..,,
142,Ugy1VKUAY2maGaspkh54AaABAg,institusional,Mantap..Indonesia ku semua kedepannya bisa lebih baik.,,
143,Ugz86LLb5DCJN65rHc94AaABAg,tutorial_website,tutorial cabut SIP lewat jakevo kak,,
144,Ugz6ZVl7-4d07Sl85c54AaABAg,institusional,"Astaga naga,,,,, ternyata benar yg di katakan Muhammad kace 🤔🤔🤔 BERTOBATLAH 😭😭😭 MARI belajar BER KEADILAN dan BERADAB 👍👍👍",,
145,UgynyE9PIGQuE0JRxFZ4AaABAg,institusional,"tajam kebawah tumpul keatas..
makin banyak aja yg korupsi..
hukum negri dongeng",,
146,Ugw_z6fHKREwUu0WuC54AaABAg,institusional,"Mana letak keadilan di negeri ini, nyawa Harus  dibayar nyawa dong supaya jelas keadilan , janganlah tebang pilih kayak itu.",,
147,UgwZaf4eI_Xhz1HVRjd4AaABAg,institusional,Terima kasih Prof.,,
148,Ugz7miduKV6oiv9NDV94AaABAg,institusional,Waktu jabat tahu kok diam,,
149,UgzjmVx5Cu2ZljRiL4l4AaABAg,institusional,"Lihat Habaib baalawi ,sama dg saudara kita warga papua dan yg dimanapun.",,
150,UgyvV5RinZVxHsEhi6t4AaABAg,institusional,Mahkamah Mafia,,
151,Ugw96dBpz2LQYuAbdjh4AaABAg,institusional,Berita yg sangat bagus.. nikmat yg sangat luar biasa Rasman masuk BUI.. Alhamdulillah,,
152,UgxMj-kDIRTRijZcWr14AaABAg,tutorial_website,"padahal mudah banget ya tutorialnya, tapi aku udah 2 bulan resign dari tempat kerja belum juga nonaktif",,
153,UgwuKFiAx9FOY4gP9d94AaABAg,tutorial_website,"Dengan adanya e court ini menjadikan layanan pada pengadilan menjadi efektif dan efesien, mudah dan transparan administrasi persidangan cepat, biaya perkara lebih murah, e court sangat membantu pelayanan persidangan lebih baik..
Dwi wulan mukaromah (210217043)",,
154,UgygvTc2Yu1FeHLny494AaABAg,institusional,"Dulu sering mempenjarakan orang,kini rasakan makan itu suap",,
155,Ugx5VgvRtxvL5UwQmHF4AaABAg,institusional,"fasilitas baru setelah renovasi:
1. 8 kamar tidur + kamar mandi dalam full ac full furniture 
2. dapur bersih dapur kotor kamar asisten full ac full furniture 
3. entertainment room (karaoke, billiard, mini theater)
4. rooftop + helipad (biar gampang kabur)",,
156,UgyLBmwyd9a1WwE04n14AaABAg,tutorial_website,bang saya mau transfer ke va untuk pembayaran pnbp tp gagal terus..,,
157,UgxkQzueBCdP6sA77gF4AaABAg,institusional,Nm nm mereka ada di bank cek cek ada pula di namakan istrinya dan juga keluarganya yg dinmakan di bank itu uang suap aset aset mereka sagat byak ad rumah tanah dan mobil yg sagat byak,,
158,UgyxBHoqxJSvsx76gr94AaABAg,institusional,Paraahh,,
159,UgyTO4BgdlahaMEHzN54AaABAg,tutorial_website,"Setelah terima email, pas mau login gagal. keterangan user anda sudah tidak aktif. Mohon pencerahannya min.",,
160,UgzWqDLEZ3KnS18Ytq54AaABAg,institusional,"Tinggal masuk aza , koq susah amat zich",,
161,UgxbviKZ8iB5x07mw914AaABAg,institusional,Hukum mati saja para korupsi  yng ada di negara ini,,
162,UgxS5slLBCukeX_YG8B4AaABAg,institusional,"teryata tidak serumit yang dibayangkan,,, 😁terimaksih tutorialnya kak, ini mudah dipahami",,
163,UgwxJz_29iP3tYwmubR4AaABAg,institusional,"Pak Dwi Belanja Keperluan Berbuka
Beli Ketupat Dimakan Bersama
Demikian Tema Kebijakan MA tentang Narkotika
Semoga bermanfaat untuk kita semua...
Terima kasih Podium utk tema kali ini yg bs dijadikan pedoman bagi stake holder terkait terutama Pengadilan (Hakim) dlm memutus perkara TP Narkotika... 👍🙏",,
164,UgyKd_mxNvCnec1z7mB4AaABAg,institusional,Keren speech nya RG,,
165,UgyNakx1K4e8JwWENK14AaABAg,institusional,"Katanya petarung...
Masa kayak ayam sayur ngadepin penjara...

Terima dong keputusan hakim jika sudah di vonis...

Payah lo bro....",,
166,UgzbXilJxxC2HiKZcWR4AaABAg,institusional,Bukan pelanggaran etik lagi tapi pelanggaran hukum.  Mrk harus di pecat dan di hukum berat.,,
167,UgzkihiE9r7lYC2tUxd4AaABAg,institusional,"Dimna la cara menilainy kerjany baik ,,,sementara dia ud korupsi ,,memang ngaco",,
168,UgzhBCbzCc85Yit5DSV4AaABAg,institusional,"Bang,,kasih contonya dong,,,tks",,
169,UgxYIJKXqyjLvnkJO_l4AaABAg,institusional,INI SAYA SANGAT  SUKA DENGAN HAKIM KETUA YG PIMPIN SIDANG  LUAR BIASA PIMPIN SIDANG MANTAP 👍👍👍👍♥️♥️♥️🙏🙏 MANTAP YANG MULYA BAPAK HAKIM******,,
170,UgwcQcfTK31W06Ebz2h4AaABAg,institusional,Lagunya keren 😊❤. boleh kami izin pakai lagunya untuk backsound video?,,
171,UgzcMB6Pm2C0YN-wg4d4AaABAg,institusional,kalo memang tak bersalah ya di bebaskan,,
172,Ugx7ridH6kxEdO_ComF4AaABAg,institusional,Hakim nya sudah ngak ounya hati dan perasaan parah,,
173,UgxOIdpXLTVC2XvcPW54AaABAg,institusional,Harusnya di denda lebih dari jumlah yang di korup baru mantap,,
174,UgxFQP0oftHtuy22VbV4AaABAg,tutorial_website,Ga jelas,,
175,Ugyln73SFEcf1emrx5N4AaABAg,institusional,Dia bekerja dgn baik...saya jg dpt koq..kalian yg g dpt jgn iri y...semua y senang koruptor pun senang ok ...HAKim(Hari2 Kirim Money)..MA(Money ATM)isi sll...,,
176,UgxcHu5peRgleJeCgMB4AaABAg,institusional,korupsi boleh asal selama tidak ketauan. itu semboyan pejabat bobrok,,
177,UgxGV2xdRuIGuKMu0cV4AaABAg,institusional,Joss 👍👍,,
178,UgzDbqnckuO5NjBR5SR4AaABAg,institusional,"semua rakyat (kecil) sama Dimata hukum. 

KOCAK.....",,
179,Ugx3Ylt3yf0UJnrAdsJ4AaABAg,institusional,"mantap, mobilnya 😊",,
180,UgzMslHTOb6mMO9z9d14AaABAg,institusional,Baik pemerintahan Jokowi maupun presiden sekarang sudah tidak peduli. Apa harus mengadu pada Megawati?Ayolah oposisi PDIP katanya bersama dengan rakyat kecil. Mohon suarakan ini.,,
181,UgyUXV3W2E5urOT4IHZ4AaABAg,tutorial_website,Terimakasih infonya,,
182,Ugyb_SDcAX2yjtZaYWt4AaABAg,institusional,Mudah mudahan itu kaum baklawi diberi kesadaran oleh Allah Aamiin,,
183,Ugw32v3G-T1a74iGD8V4AaABAg,institusional,Ahir nya botak masuk buih juga ha ha😂😂😂😂 mantap bg hotman 👍👍,,
184,Ugw2pLKE7VPBU_k4E_d4AaABAg,institusional,Jika Mahkamah agung bisa menjalankan pungsinya maka korupsi bisa berkurang.,,
185,UgxDLsFydypPx1ERc4t4AaABAg,institusional,Hore....maklampir dan termul seberingah dapat Sema silo,,
186,Ugw0gk4HI0qjSaoR9sJ4AaABAg,institusional,Innalillahi wa'inna illaihi roji'un,,
187,UgxI-BkDbbRWHruYJQ14AaABAg,institusional,"Agnes Mo gak sudi lagi yakin nyanyiini lagu si Ari Bias, udh bagus lagu dia di nyanyiin sama Agnes. Selamat Agnes, kamu hebat",,
188,UgycrhISflLHYNRN2LF4AaABAg,institusional,mudah2an niki sadar setelah masalahnya selaesai kasian anak2nya tdk sm ada dia d dekat anaknya walopun ada asisten nya d rumah,,
189,UgySpYDW0lqkXIgBX0l4AaABAg,institusional,Pantas mrapat k solo biar aman 😅😅,,
190,UgwYqXrC_7XYFxZNMLF4AaABAg,institusional,Kenapa ketum nya adem ayem mengakui kekalahannya sementara pengikutnya malah ribut,,
191,UgzQCI5qdiE46VM7ZiZ4AaABAg,institusional,"Batak adalah lara atiku sing paling jeru :)


Yogyakarta, 25 Agustus 2022",,
192,Ugxd92mcVVmhkG5yTgh4AaABAg,institusional,"seakan anda seorang presiden yg bisa"" nya bilang bangsa Indonesia. palak lu yg rusak krn duit.. hilang nurani dan akal sehat",,
193,UgwDTb6AAeVl5YTzk-94AaABAg,tutorial_website,Sya coba login gagal terus ktanya email dan password salah pdhl udh benar ada kah solusi,,
194,UgwDJ8PON52R95zYBdJ4AaABAg,institusional,"Semoga Kita Semua Mendapatkan Ilmu Yang Benar..
Sehingga Kita Tidak Mudah  Tersesat 
Cerdaslah Bangsaku Semoga Tidak ada Tipu2...",,
195,UgzL-l8f6r-KpoQ6BNV4AaABAg,institusional,"Pak,saaudara saya bebas murni,terus pihak jaksa ngajukan kasasi.dan saudara saya sudah di bebaskan dari tahanan.pertnyaan saya apakah sdara saaya tsb keluar dari tahanan tsb bisa bekekuatan hukum yg mengikat?",,
196,UgyEaHgHfO5O2_0t4l54AaABAg,institusional,"Analisa tsb dari Prof.Muzakir bagus ni, menurut sy betul ni bahwa Dlm psl 55 KUHP, Konstruksi turut serta dan ber-sama2 maknanya berbeda. Ber-sama2 hukuman pemberatan/penjatuhan hukumannya relatif sama. Turut serta karena ada komposisi pelaku yg berbeda2 & berbeda konstruksinya. Jadi Putusan Majelis Hakim MARI ttg konstruksi nya jadi ber2sama itu Judex yuris tidak tepat, jadi putusanya Majelis Hakim MARI keliru semua. Kacau sekali ...  !!",,
197,Ugw4gZGXPis7_p0WqO54AaABAg,institusional,Indonesia tidak kekurangan orang pintar tpi kekurangan orang yg jujur & amanah😢,,
198,UgzkiNHyPJT3ezBUzgh4AaABAg,institusional,bagus ternyata lagu Batak🤩kesini karena dengar lagu pulut Roham sama ini🥰👍,,
199,Ugy694_77ryaAYKYOqR4AaABAg,institusional,Citra MAHKAMAH AGUNG sangat jelek sangat mengecewakan  HAKIM AGUNG ya mata DUITAN .,,
200,Ugybc2i90LB0r2PNwAt4AaABAg,institusional,Manusia lsknattulloh yg membuat aturan demi melindungi yg slh dn menjerumuskan yg benar biadab sekali..TDK tkut mati manusia begini..nanti terasa klu  nyawa udh di kerongkongan...susah klu mti,,
201,UgyOzpNsTM7x856PLx14AaABAg,institusional,"Yaallah, hanya engkau yang maha adil, adililah para oknum mafia di Negeri ini, kasihan rakyat kecil....yg sangat membutuhkan keadilan",,
202,UgyYIVEPY6XR4JHiz814AaABAg,institusional,"Makannya buat undang2 hukuman mati buat para tukang korup 
Kalau GK ada hukuman mati mana ada jerah nya,
Sampai kiamat pun masih korupsi",,
203,Ugy6o8-mghJMw9tnZ_p4AaABAg,institusional,Akibat hukuman koruptor terlalu ringan korupsi merajalela.,,
204,Ugy-MaeiN5yg_nW04rt4AaABAg,institusional,Brp lma kasasi perdata slse prof ? minta pnjlsnnnya.terima kasih,,
205,UgxU9gcpDMzZ_w2vdEZ4AaABAg,institusional,Mantap,,
206,Ugxe6DWMed-hVvEf7sB4AaABAg,institusional,"Kebohongan...akan ditelanjangi sama YMK , ucapan - ucapan bohong ,adalah...di mana syetan telah bertenggeng di Badan nya , walaupun hati nurani yg paling dalam tahu mana yg hak & bathil . Agama dijadikan topeng berkedok untuk meraih Uang yg sangat besar , tapi Alloh yg Maha tahu ,Yg akan meng-Algojomu dan menghakiminya .",,
207,UgyKb6daVWuAc8Dy7994AaABAg,institusional,Keren,,
208,UgybKouiV-rm_RrhJSd4AaABAg,institusional,"Saya sangat kecewa sekali dengan putusan MA ini, saya langsung menitikkan air mata, betapa tidak adiknya hukum di negeri ini, walaupun saya bukan anggota keluarga terpidana, tp saya sangat merasakan kepedihan mereka, y Allah sakiiiiit sekali y Allah... Hukum seperti apa di Indonesia iniiiiii, org tdk brsalah d hukum s umur hidup, sungguh d luar akal sehatnya😭😭😭",,
209,UgyqKiEk9i5sn-Yzstp4AaABAg,institusional,"Habis korupsi dicuci di tax amnesti jadi bersih , salah satu jurus nih 😢😅",,
210,UgxL8vyPbPqxTY0_kel4AaABAg,institusional,"KEPADA YTH.
BAPAK KETUA KPK RI.
BAPAK KETUA KEJAKSAAN AGUNG RI.
BAPAK KAPOLRI.

DENGAN HORMAT.
TOLONG SECEPATNYA DI PERIKSA SEMUA ANGGARAN KEUANGAN KABUPATEN MAMASA, DANA PEN, DANA DANA DESANYA, SELAMA 12 TAHUN SAMPAI SEKARANG.
TERIMA KASIH..",,
211,Ugy0XGEagO4E6JU0odh4AaABAg,institusional,"Mantap,, siapa lagi yg harus kita percaya?",,
212,Ugxc-4OccP51Q-8vrhJ4AaABAg,institusional,Namanya pejabat bagus tapi sifatnya rampok maling terus yg bertangung jawab siyapa semua jadi rabok,,
213,UgxkfVXRuKEuQC5fNst4AaABAg,institusional,mereka mah yg penting duitttt...mana mau mikirin rakyat jelata..siapa yg banyak duit itulah yg menang .Soal siapa yg slh urusan belakang.Mirissss sedihh bagetttt.....KRISIS IMAN YG DAH ..AKUT😭😭😡😡,,
214,UgztdNepyyPoLLMQ0ZV4AaABAg,institusional,perlu nya hidup itu sll bersyukur. jgn mau hidup berlebih dan petantang petenteng ahir nya kejahatan pun di halal kan. udh salah eh malah tuduh sana sini tanpa bukti malah bikin cara membalik kan fakta dg cara salah lagi. udh dikasi 4 th malah banding jd nya 6th eh malah mau kasasi. emg ga ada puasnya kl mememang otak nya udh isi dajjal,,
215,UgzpBo-M9tCVTp4sKw54AaABAg,institusional,Pengadilan niaga Jak pus dan pencipta lagu ngawur apa mau cari cuan dr kasus ini dg  jurus aji mumpungnya buat meras org lain...sungguh memalukan 😂😂,,
216,UgxnFc129aCT2_Ctokt4AaABAg,institusional,Harus di jalani hukum yang sudah di putuskan pengadilan viralkan kacau kali hukum di negara ini,,
217,UgyULE9-h9sGzIwODmB4AaABAg,institusional,Pejabat yg korupsi. Apalagi  pejabat hukum harus hukum mati....,,
218,Ugwd8WiOO2B2I72I4i94AaABAg,institusional,Mantap dan luar biasa bapak ❤❤❤,,
219,UgzPd1-vK11g3GuLKwB4AaABAg,institusional,"hukum masih perti ini ngak ada kapok2,nya terus korupsi",,
220,UgwP73mQs_Wk546COoR4AaABAg,institusional,Aku sukaaaa bgt lagu ini... Aku orng Jawa... Tp klau denger lagu batak... OMG... Jd klepek 2,,
221,UgxBy-1T-XUOG0xZMit4AaABAg,institusional,"Smua kembali pd Sistemnya, byk org baik tp jika sistemnya buruk, susah akan tetap mjd org baik. Biasanya org baik tdk akan kuat krn hrs melawan arus sistem yg sgt kuat.",,
222,Ugzh0qzt5saZkT5R2aN4AaABAg,institusional,"Virus korupsi ni sdh merambat ke semua lini lembaga hukum jd hrs ada perangkat hukum yg keras bt aparat hukum yg  melakukan x yaitu hukum mati, woi KPK mn itu harun masiku????",,
223,UgzLRS4LMiNMrEHP81h4AaABAg,institusional,Layak dicopot posisi hakimnya bisanya jebak2 orang semaunya....,,
224,UgxXuqONlc3_wkk3s1V4AaABAg,institusional,"Cuma saran aja, coba Jaksa dan Hakim itu gajinya dinaikkan, tunjangan kinerjanya jg ditambahkan lg, sy pikir msh pantas jg mengingat beban dan tanggung jwb profesinya dlm penegakan hukum itu sendiri!  Dgn catatan Pemerintah jg hrs pegang komitmen utk total mengembalikan supremasi Hukum demi meminimalisir brbagai tindak kejahatan, trutama perilaku korupsi! Scara umum, mnrt sy aparat2 Pemerintah yg trkait dgn bdg Hukum (dan Pendidikan jg), itu sebaiknya secara upah dan tunjangan kinerjanya memang layak diberi lbh, mngkn trmsk yg mengabdi pd bdg kesehatan jg! Hukum, Pendidikan dan Kesehatan...kyknya klo memungkinkan, perlu lbh diperhatikan! Pd akhirnya jg demi kebaikan bg rakyat jg...! Maaf, ini cm pendapat pribadi sy aja sih... 🙏",,
225,UgxuP1k7QJk8Rbpu4bV4AaABAg,institusional,"Mantap prsbowo tangkap satu persatu 
Mantan penjabat korobsi miskinkan uang  untuk rakyat",,
226,Ugwsb27Te_ehw2RldP14AaABAg,institusional,"Dari awal saya sudah curiga, tapi .....???!! Ahh ya sudahlah",,
227,UgwiFdh73uWFSak9cjd4AaABAg,institusional,"Semoga Agnez Mo dan Ari Bias sukses selalu di bidangnya masing-masing. Khusus Agnez Mo, saya doakan semoga dia makin 'bersinar' kariernya di level internasional. Aduh, semakin tidak sabar melihat aktingnya di 'Reacher'. Mudah-mudahan setelah 'Reacher' Agnez Mo semakin banyak membintangi series-series atau film-film Hollywood yang berkualitas.",,
228,UgxGk8BDeqyvn1TrX7l4AaABAg,institusional,"ZR, Alumni SMA 2 Olimo - Harmoni, Jakarta Pusat. Diatas ZR ada Djan Farid ( Ex Krtum Partai PPP ) dan diatasnya lagi ada AM Hendro Priolyono ( KABIN ) jadi mau informasi apa nih Pak Mahfud, saya tunggu. 
Terima kasih.",,
229,UgwQoOHFufxigi0rC5h4AaABAg,institusional,HUKUM INDONESIA GAMPANG BISA DI BELI DAN DI DISCON..GILIRAN BANDAR NARKOBA DAN BERJIHAD DI HUKUM MATI.KAN INI KASUS SAMBO SAMA DENGAN TERORIS DI KEPOLISIAN😡😡😡😡,,
230,Ugw06jbrYme0GuTBZ594AaABAg,institusional,thank u untuk penjelasanyaa,,
231,Ugwlvbx0G-23CxmNSoR4AaABAg,institusional,Apa kami rakyat percaya jelas tidak tuhan lah yg brhadapan sama kaluan penguasa,,
232,Ugw5wiRGUF3b4f8f1jx4AaABAg,institusional,Apa kabar pak hakim coba coba permainkan hukum rasakan penjarakan biar lama,,
233,UgxI0e4lUjf6JK-WCGF4AaABAg,institusional,Klo penegak hukum aza korupsi bagai manaa negara bisa maju  bro,,
234,UgzrMU_AujBfEc2BTPh4AaABAg,tutorial_website,"Daftar nya ke pengadilan negeri atau ke pengadilan agama? 
Apa bisa daftaranya beda propinsi
Misal saya daftar ecourtnya di pengasilan yg dibali, namun untuk  kemudian mendaftarkan perkara di surabaya? Apakah harus sama pendaftaram ecourt dng pendaftaran perkara?
 
Apakah saat pendaftaran ecourt hanya daftar saja dulu. Buru kemudian daftar perkara? Atau harus bersamaan di hari itu juga?

Mohon diberikan lencerqhannya kak?
Sukses selalu.",,
235,Ugwuiuu2IL8WDf6BfCJ4AaABAg,institusional,Sekarang gajinya sudah sangat besar sekali bila masih korupsi juga hukuman mati harus ada sebagai contoh yang lain,,
236,UgynN9sTjGC4QXGqfWN4AaABAg,institusional,PN Kediri hadir,,
237,UgyTdrVIvY-wT4KHzEZ4AaABAg,institusional,Oh adinda wakanda wadidauu uhuiii mantap,,
238,Ugw4AiFrr5kyrIMDMfd4AaABAg,institusional,Sri lo sdh puas,,
239,UgyvoglnVX-zspxnJjV4AaABAg,institusional,"*YANG NONTON*
*DARIMANAPUN BERADA SEMOGA SEHAT SELALU & MURAH REZEKINYA AMIN*",,
240,Ugwda73jxNpQHrbrl8d4AaABAg,tutorial_website,"Mksh tutorial nya kang,sangat membantu orng awam",,
241,Ugzbyv2qxg8syMtoi7N4AaABAg,institusional,mafia nya mereka semua...penegak hukum,,
242,Ugy_5cXHnxpyj0XwXah4AaABAg,institusional,"Nah..semakin aneh kan penegak hukum di INDONESIA  saat Jokowi Bertengger danserelah bertengger RUSAK..
bukti lagi siapa dekatJokowi aman di DUNIA😂",,
243,UgyCrNSyIGA4aBVX4Vp4AaABAg,institusional,Bapak Hostnya sangat baik dalam membawakan pertanyaan dan narasumbernya sangat menguasai materi sehingga sampai ke viewer . Sangat edukatif dan mudah diterima penjelasannya. TOP,,
244,UgxGIqrOMjZcWg1AU714AaABAg,institusional,Mantap ya bro klu banyak duit banyak kenalan pejabat .hukuman bisa di kurangin. Beda sama maling kambing.,,
245,Ugx_JvnuMOmRvVCPFix4AaABAg,institusional,Mantap Bang Rocky katakan jihad demokrasi abis hadiri maulid jadi adem yaa sehat selalu Aamiin .....indonesia udah carut marut politik kotor semua bikin bingung,,
246,Ugziu5cLWkiG0w7exGB4AaABAg,institusional,"Mahkamah agung??
Mahkamah kacung kali",,
247,Ugy-hRTZ_bqw557nilB4AaABAg,institusional,"Mohon izin.. pertanyaan yang kedua pak. Apakah semua syarat yang diupload harus sesuai aslinya (leges, tanda tangan pada gugatan dan surat kuasa)? Makasih sebelumnya pak.. 🙏",,
248,UgxoH_5QFhJiXTJFy3Z4AaABAg,institusional,"Ini pasti banyak rekan kerja maklar suap hakim.
Periksa terus dan tangkap yg terungkap.",,
249,UgwXchC0TrWaCF4FQ7t4AaABAg,institusional,"Apresiasi buat PK Petrus n kawan2, TPI knp baru skrng diskusinya GK dijaman jkw ?",,
250,UgzygRIWrzCEkRdcrT94AaABAg,institusional,"Masyallah sehat selalu dan semoga makin sukses pak , Amin 🤲🏻",,
251,UgzEG-b2VkqpfhlcJB54AaABAg,institusional,"Rakyat hrs mulai bertindak ganti utk menghukum org"" yg terlibat kejahatan, korupsi maupun penyuapan, gmn gak tambah hancur negara ini kl pejabat""y tambah bejat, rakyat tdk boleh tinggal diam skrg & jg awasi utk mengawal kasus Sambo spy tetap hrs sampai di hukum mati",,
252,UgyKZ9keGs0bDH269054AaABAg,institusional,HANYA DI JAMAN JOKOWI KPK BERKERJA DENGAN BENAR DI JAMAN SBY KPK DI BAWAH TEKANAN SBY🤣,,
253,UgwB0ohMvQKJqqYcQgt4AaABAg,institusional,Saya orang batak jadi kalau saya lagi galau atau lagi bosan pasti dengar lagu ini sukses terus Sumatra Utara 👍👍,,
254,UgzLX1vbk1J4Fsfocad4AaABAg,institusional,Pejabat MA jadi tersangka oleh KPK.... apa  maneh  iki .....apa  jadi tersangka MALING ?.....,,
255,Ugz5UnPX3pkchl1kzsB4AaABAg,institusional,"Presiden ilegal baru tau skrng heheheh
Pengumuman dini hari",,
256,UgzPbLnbbi7CvWsjwPt4AaABAg,institusional,Menang hasil curang tdk akan membawakan kedamaian,,
257,UgymTvxkdCi16StCxQx4AaABAg,institusional,Mana buktinya Ojo nggombal,,
258,UgzL-xLfcDuzyWs_8m54AaABAg,institusional,"Mending ndak usah membahas masalah legalitas"", perbanyak KeSH.an biar kita tidak mudah menyakiti orang lain.",,
259,UgyfxSI5g2RHjqPHtX54AaABAg,tutorial_website,Sharing yg jelas dan bermanfaat ttng update penggunaan aplikasi sipp,,
260,UgwbBYCRPFPPcV51d714AaABAg,institusional,terlalu banyak MAFIA DI KEJAGUNG🖕🖕🖕,,
261,UgwxJLltUBwOz8gaoLp4AaABAg,tutorial_website,kak padahal saya udah aktivasi akun saya tp kenapa buat login akunya gagal terus,,
262,UgwVGmzPZLRBEdNexrJ4AaABAg,institusional,MA Promo besar. Diskon 50 %..,,
263,Ugwnmyc3D_g_Zj70po54AaABAg,institusional,Sukses selalu tetap semangat,,
264,Ugz0ehwuSfzJ2vZdEzF4AaABAg,institusional,"Wa berarti putusan MA tersebut tdak ada efek nya ya bung terhadap kemenangan Pilpres Jokowi-Ma'ruf karena putusan MA terlambat, selain daripada itu secara de facto dan de jure kemenangan Jokowi Ma'ruf sah ya bung. Mantap bung makasih atas wawasannya yg komprehensif.",,
265,UgxyscyZOIgUmOtK5jh4AaABAg,institusional,"Wong pinter Podo binggung.Dan linglung  Dan Semesta telah bekerja..... Terima kasih Ya Allah. KeadilanMu..telah tiba .bagi orang "" yang rakus.....Aamiin",,
266,UgyAP0OguHQOV1NcliJ4AaABAg,institusional,Kalau ingin negara ini aman dr korupsi maka para pembuat undang2 hrs berani membuat  undang2  hukuman minimal seumur  hidup tdk ada remisi .,,
267,Ugxoy9mG6bmfcvQaM694AaABAg,institusional,"Mudah-mudahan bisa seperti salah satu petinggi mereka, kehilangan anak , dan kemudian keturunan nya masih kecil tenggelam.",,
268,UgxVHN2S30xKRYAF8v94AaABAg,institusional,Ilmu hukum paling gampang didapat yaa disini Trimakasih Podium🙏,,
269,UgwaZe8_RT0i4Xk2DmV4AaABAg,institusional,Gak Jelas Hukum Konoha Ini... Susah Berurusan Sama Hukum Konoha...,,
270,UgxlofCT2JvjZAmbK1V4AaABAg,institusional,Tooooodddd,,
271,UgztO3qL68a9rzPSeT94AaABAg,institusional,Kita liat.. dari hari ini saya akan senyum...DPR oh DPR 😂,,
272,UgxzLOZoRBWB_A2580B4AaABAg,institusional,Memang sulit memberantas. Kebatilan hukum hanya berlaku bagi orang susah dan lemah. Semoga hakim tersebut mendapat masalah yg seru PP apa bg keluarganya,,
273,UgwzW1z9G73OCxVrSxp4AaABAg,institusional,"Ya Allah ngk bisa berkata kata lagi, betul sekali OM Rudy serakah tamak kurang bersyukur karang kurang dan selalu kurang",,
274,UgwYiCwa8NvL_06GMQB4AaABAg,tutorial_website,"Keren, layanan yang terintegrasi dengan aplikasi lain tentunya akan sangat memudahkan dalam memberikan pelayanan yang terbaik 👍🏻",,
275,UgxWQQLxf7Rg5KhpaM94AaABAg,institusional,"PARAHHH......,...YA..",,
276,Ugxu4cKTfmqPvaA_8q94AaABAg,institusional,"Wah..begitu sedihnya negara kita  tercinta ini, yg begitu indah dan sangat dicintai. Tapi penuh dgn korupsi dlm semua aksi. Generasi apa yg kita harapkan masa depan. What a shame and very2 sad😡😡kita lihat aja nanti kasus Sambo🙏🙏",,
277,UgzuPVReC9uQzCWs7wN4AaABAg,institusional,"Subhanallah Wallaillahaillallah Walhamdullillah Allahu Akbar,  Sungguh hebat semua utk kebsikan kita dunia dan Akhirat, dan ada Pesan Allah swt utk Hakim Jaksa : Jikalau kamu ragu tanyalah pada hatimu. Masyaallah Subhanallah Allahu Akbar, begitu hebatnya sampai ada pesannya. Semoga ug terbaik utk kita semua.❤❤❤",,
278,Ugz55OGvh0HilA7OvV54AaABAg,institusional,"Seharusnya tdk ada tawar menawar buat penegak hukum yg melakukan pelanggran hukum berat, knp..krn penegak hukum lebih tau ttg sangsi pelanggaran yg dilakukan. Klw rakyat jelata sangat mudah utk dijatuhi hukuman berat bahkan hukuman mati sekalipun.",,
279,UgzYfQRRYpqPP2ULZQR4AaABAg,institusional,Pejabat makin berkobar kobar jiwa korupsi nya,,
280,Ugw4DPj1zjWc74_tdfh4AaABAg,institusional,Negeri SARANG MAFiA HUKUM.. MAKELAR KASUS ???,,
281,UgyrCWhPG3iPAdJJP2F4AaABAg,institusional,Hukum “Seumur Hidup” untuk kasus Zarof sebagai Mafia Peradilan 😡,,
282,UgwKLtKgf-SBV_Y8CnZ4AaABAg,institusional,"Kawal, kawal, kawal, usut, usut, usut🎉",,
283,Ugy8_VyDZ1qWQdcfcCl4AaABAg,institusional,Arep melu komen kok isin karo masyarakat😑,,
284,Ugy7k0LADoj9S4R_fSl4AaABAg,institusional,linsa jadi kor kor jadi tuma atau kutu bila perlu di kabur ajaib alias di ganti yg baru para penjahat yg ikut mkn uang korupsi,,
285,UgwqV4mk-isSYvQbYcV4AaABAg,tutorial_website,"sekarang agustus 2024 ada versi barunya kak, lebih ribet lagi..ini yg lama. tolong di share cara finalisasi yg baru. makasi ya",,
286,UgwR1vqGzMHKKDAtXMd4AaABAg,tutorial_website,Dengan adanya layanan e-court sangat membantu dalam mengurus dipersidangan dengan cepat dan biaya ringan.  (Selvia Dwi Rahayu / hki-B/210117078),,
287,UgyMM5ckFku7bIARWL54AaABAg,institusional,"Kesini gara"" muncul trus di fyp tiktok 🙋🏻",,
288,Ugz3JnIvTJE8zK9rJnB4AaABAg,institusional,"Ayo rakyat semua turun ke jalan du setiap daerah, demi dan boikot hukum di indonesia, pecat dan periksa semua aparat di MA, pengadilan tinggi oengadilan negeri agar di reformasi",,
289,UgzbS18PVshzjyLjyUJ4AaABAg,institusional,Sehat slalu pak toni.,,
290,Ugxxcaky4jPWOEpCXU54AaABAg,institusional,Pengecara tife...gagal paham sengajakah?????,,
291,UgxCvMW92hiQJQxPtIZ4AaABAg,tutorial_website,"Video nya bagus , cukup jelas untuk memberi gambaran pada masyarakat pencari keadilan yang membutuhkan layanan",,
292,Ugxd6vipX5SR-1BoKs54AaABAg,institusional,"Mantab abang informasinya ..
Salam buat keluarga d kendari ...",,
293,Ugz-oPFcIJPLNV--X3Z4AaABAg,tutorial_website,makasih infonya bg,,
294,UgzLUN23KGXL-GRiBP54AaABAg,institusional,Yg korupsi gk ada yg lulusan sd..dokter propesor jadi pinter ny digunakan untung mling uang rakyat 😢,,
295,UgxyQbSz6fhMnRqOg994AaABAg,tutorial_website,"Andriani
101180126
Hadir",,
296,UgyxMWXM0uL083mw0-V4AaABAg,tutorial_website,Sukses PA Sampang,,
297,UgzgyiTYe0ktlQL0lvJ4AaABAg,institusional,"Korupsi tidak boleh kita lupakan, mereka komplotan mafia hukum yang tidak bisa diampuni.",,
298,UgyXRa9RhyYTPSk0qI14AaABAg,institusional,"Terima kasih atas materinya dan ilmunya Pak, sangat membantu  dan bermanfaat.",,
299,UgxyikQTJPhPWscA6R54AaABAg,institusional,"Jaya dan sukses selalu Mahkamah Agung RI, inovasi tiada henti menuju Peradilan Yang Agung🙏🏻",,
300,UgymbcuKtzASty7f_Kh4AaABAg,institusional,"Mantap.,usut tuntas di Lembaga tinggi negara .",,
